[
    {
      "precio": 50,
      "id": 1,
      "title": "Noramox",
      "thumbnailUrl": "https://static.wooweb.site/media/sites/86/2020/08/Diseno-sin-titulo-2.jpg"
    },
    {
      "precio": 10,
      "id": 2,
      "title": "Fulminante",
      "thumbnailUrl": "https://agroproca.com/wp-content/uploads/2021/04/fulminante-60-wp-100-600x600.jpg"
    },
    {
      "precio": 30,
      "id": 3,
      "title": "Tybrolina",
      "thumbnailUrl": "http://mevetlab.com/web/wp-content/uploads/2017/11/TYBROLINA-Inyec-2.png"
    },
    {
      "precio": 20,
      "id": 4,
      "title": "Iver + K Plus",
      "thumbnailUrl": "http://mevetlab.com/web/wp-content/uploads/2017/11/Iver-K-Inyec-2.png"
    },
    {
      "precio": 10,
      "id": 5,
      "title": "Sulfatrim",
      "thumbnailUrl": "http://mevetlab.com/web/wp-content/uploads/2017/11/Sulfatrim-Inyec-2.png"
    },
    {
      "precio": 40,
      "id": 6,
      "title": "Oxitridex",
      "thumbnailUrl": "http://mevetlab.com/web/wp-content/uploads/2017/10/OXITRIDEX-Inyec-2.png"
    }
  ]